<?xml version="1.0" encoding="UTF-8"?>
<LightningComponentBundle xmlns="http://soap.sforce.com/2006/04/metadata">
    <apiVersion>48.0</apiVersion>
    <isExposed>true</isExposed>
    <masterLabel>Mockup File Helper</masterLabel>
    <targets>
        <target>lightning__AppPage</target>
        <target>lightning__RecordPage</target>
        <target>lightning__HomePage</target>
    </targets>
    <targetConfigs>
        <targetConfig targets="lightning__AppPage, lightning__RecordPage, lightning__HomePage">
            <property name="showDropdownSpacer" type="Boolean" default="false"
                label="Show Spacer?"
                description="Whether to include a space at the bottom - so the dropdown does not appear below screen."
            />
            <property name="isCollapsible" type="Boolean" default="false"
                label="Is Collapsible?"
                description="Whether the component can be collapsed to only the title - or not"
            />
        </targetConfig>
    </targetConfigs>
</LightningComponentBundle>